{
  "project_info": {
    "project_number": "1004934733476",
    "firebase_url": "https://videocalltest-f2bf3.firebaseio.com",
    "project_id": "videocalltest-f2bf3",
    "storage_bucket": "videocalltest-f2bf3.appspot.com"
  },
  "client": [
    {
      "client_info": {
        "mobilesdk_app_id": "1:1004934733476:android:6364930e23c602c9",
        "android_client_info": {
          "package_name": "com.abhimanbhau.io"
        }
      },
      "oauth_client": [
        {
          "client_id": "1004934733476-remsrstvhkmrhdne9n10r339dfsrjsei.apps.googleusercontent.com",
          "client_type": 3
        }
      ],
      "api_key": [
        {
          "current_key": "AIzaSyAfP-abDAce-Anyw8P6d6MnaH_5Ek7FN84"
        }
      ],
      "services": {
        "analytics_service": {
          "status": 1
        },
        "appinvite_service": {
          "status": 1,
          "other_platform_oauth_client": []
        },
        "ads_service": {
          "status": 2
        }
      }
    },
    {
      "client_info": {
        "mobilesdk_app_id": "1:1004934733476:android:c6055ef9db6a35e1",
        "android_client_info": {
          "package_name": "io.github.abhimanbhau.logintest"
        }
      },
      "oauth_client": [
        {
          "client_id": "1004934733476-l41tq80ocm9f5gikkgcipel2n3rhekfn.apps.googleusercontent.com",
          "client_type": 1,
          "android_info": {
            "package_name": "io.github.abhimanbhau.logintest",
            "certificate_hash": "118f17f9beaf5e68844978cb1fddc7423deeca5a"
          }
        },
        {
          "client_id": "1004934733476-remsrstvhkmrhdne9n10r339dfsrjsei.apps.googleusercontent.com",
          "client_type": 3
        }
      ],
      "api_key": [
        {
          "current_key": "AIzaSyAfP-abDAce-Anyw8P6d6MnaH_5Ek7FN84"
        }
      ],
      "services": {
        "analytics_service": {
          "status": 1
        },
        "appinvite_service": {
          "status": 2,
          "other_platform_oauth_client": [
            {
              "client_id": "1004934733476-remsrstvhkmrhdne9n10r339dfsrjsei.apps.googleusercontent.com",
              "client_type": 3
            }
          ]
        },
        "ads_service": {
          "status": 2
        }
      }
    }
  ],
  "configuration_version": "1"
}